Dataset,# classes,Window,W_size,W_step,Augment,Noise,MVN LL,MAF LL,MVN ACC,MAF ACC
MOSENSE,6,True,128,64,False,False,-242.24310806759038,1264.8009985607616,0.49658002735978113,0.7487460100319198
MOSENSE,6,True,128,64,False,True,435.8816336192037,1200.5637058966029,0.6580027359781122,0.8253533971728226
MOSENSE,6,True,128,64,True,False,587.4257226771432,1582.0021223423962,0.6730506155950753,0.8030095759233926
MOSENSE,6,True,128,64,True,True,210.0161491130197,1284.2458354708162,0.6543547651618787,0.791609667122663
MOSENSE,6,True,64,32,True,True,579.2100708468096,868.552482210327,0.8165800768014456,0.8046080867404563
MOSENSE,6,True,32,16,True,True,289.0209314587359,516.7428592299985,0.737570303712036,0.7863892013498313
UCIHAR,6,True,0,0,False,False,846.4877635942507,1256.1664479866972,0.9474041398031897,0.8791991856124872
UCIHAR,6,True,0,0,False,True,846.4877635942507,868.8216864641214,0.9474041398031897,0.9433322022395657
